Inep,Logradouro,Numero,Bairro,Cep
43107672,PCA GARIBALDI                                     ,1,AZENHA              ,90050020
43107680,RUA VINTE E QUATRO DE OUTUBRO                     ,211,INDEPENDÊNCIA       ,90510002
43107699,PCA JAYME TELLES                                  ,1,SANTANA             ,90650100
43107702,R SAO CARLOS                                      ,636,FLORESTA            ,90220121
43107710,AV GUIDO MONDIN                                   ,1,SÃO GERALDO         ,90230260
43108369,AV BRASIL                                         ,593,SÃO GERALDO         ,90230061
43107729,PCA GEN OSORIO                                    ,1,CENTRO HISTÓRICO    ,90010520
43173705,R CANELA                                          ,180,CAVALHADA           ,91740190
43173691,R MODESTO FRANCO                                  ,100,PASSO DAS PEDRAS    ,91230100
43173683,R SARGENTO EXPED GERALDO SANTANA                  ,40,PARTENON            ,91530640
43173675,R JOAQUIM DE CARVALHO                             ,325,VILA NOVA           ,91740840
43173667,R ANTONIO FRANCISCO LISBOA                        ,400,RUBEM BERTA         ,91180040
43173659,R SILVINO OLIVEIRA                                ,250,VILA NOVA           ,91750057
43173640,R TOBIAS BARRETO                                  ,170,PARTENON            ,90660370
43173632,BC FRANKLIN                                       ,270,JARDIM SABARÁ       ,91210060
43173624,R PAULO GOMES DE OLIVEIRA                         ,120,SARANDI             ,91120570
43173616,R MONTE ALEGRE                                    ,55,JARDIM FLORESTA     ,91040120
43173608,AV SANTO DIAS DA SILVA                            ,550,LOMBA DO PINHEIRO   ,91550500
43173594,R FERNANDO PESSOA                                 ,350,VILA NOVA           ,91750340
43173586,R DR CARLOS NIEDERAUER HOFMEISTER                 ,808,RESTINGA            ,91790020
43173578,R TEN ARIZOLY FAGUNDES                            ,250,RESTINGA            ,91790520
43173560,R ALVARO DIFINI                                   ,480,RESTINGA            ,91790560
43173551,R LORIS JOSE ISATTO                               ,0,RUBEM BERTA         ,91160160
43173543,AV MOAB CALDAS                                    ,129,SANTA TEREZA        ,90880310
43173535,RUA FREI CLEMENTE                                 ,150,VILA SÃO JOSÉ       ,91520260
43173527,R OTTO ERNST MEYER                                ,55,AZENHA              ,90050060
43173519,R AMAURI CAFRUNE                                  ,149,RUBEM BERTA         ,91170075
43173500,C ESTR JOAO DE OLIVEIRA REMIAO                    ,1,LOMBA DO PINHEIRO   ,91560695
43173497,RUA PEDRO GOLOMBIEWSKI                            ,100,LOMBA DO PINHEIRO   ,91550230
43175163,R GARRUCHOS                                       ,0,ARQUIPÉLAGO         ,90090080
43173489,R JARDIM DAS BROMÉLIAS                            ,1,CAMAQUÃ             ,91920400
43173470,RUA PRIMEIRO DE MARÇO                             ,300,VILA SÃO JOSÉ       ,91520620
43173462,R ARACY FROES                                     ,210,JARDIM SABARÁ       ,91210230
43173454,R GUIDO ALBERTO WERLANG                           ,747,RUBEM BERTA         ,91170300
43175155,AV DONARIO BRAGA                                  ,1,RUBEM BERTA         ,91160360
43175147,RUA DR CAIO BRANDÃO DE MELLO                      ,1,HUMAITÁ             ,90250110
43175139,ESTR RETIRO DA PONTA GROSSA                       ,3581,PONTA GROSSA        ,91780590
43177026,AV MARTIM FELIX BERTA                             ,2353,RUBEM BERTA         ,91270650
43181112,BC UM RUA DONA OTILIA                             ,497,SANTA TEREZA        ,90830582
43181376,AV MERIDIONAL                                     ,0,RESTINGA            ,91790070
43185401,AV BENTO GONCALVES                                ,642,AZENHA              ,90650000
43048196,R ARMANDO COSTA                                   ,0,SARANDI             ,91120450
43141790,R SANTO EXPEDITO                                  ,0,RUBEM BERTA         ,91180265
43105440,R GUAIBA - LOMBA DO PINHEIRO                      ,203,LOMBA DO PINHEIRO   ,91560640
43107842,R TEN ARIZOLY FAGUNDES                            ,250,RESTINGA            ,91790520
43105459,RUA PADRE ANGELO COSTA                            ,175,PARTENON            ,91520161
43105467,R CHICO PEDRO                                     ,390,CAMAQUÃ             ,91910650
43105475,R CRISTOVAO JAQUES                                ,488,SARANDI             ,91140420
43105483,R DR CARLOS NIEDERAUER HOFMEISTER                 ,85,RESTINGA            ,91790020
43109071,R MORRO ALTO                                      ,433,IPANEMA             ,91751650
43108571,R WOLFRAM METZLER                                 ,600,RUBEM BERTA         ,91250320
43107508,R JAYME CYRINO MACHADO DE OLIVEIRA                ,250,STA ROSA LIMA       ,91160060
43105491,AV CAPIVARI                                       ,1999,CRISTAL             ,90810070
43108563,R JOAO LUIZ PUFAL                                 ,100,SARANDI             ,91120530
43109055,RUA SAUL CONSTANTINO VL SJ COMUNITÁRIA            ,100,VILA SÃO JOSÉ       ,91520716
43109098,AV ECON NILO WULFF                                ,1000,RESTINGA            ,91790000
43109063,R ROMEU DE VASCONCELLOS ROSA                      ,10,VILA NOVA           ,91751370
43105505,R XAVIER DE CARVALHO                              ,274,SARANDI             ,91110440
43109101,R CONEGO PAULO ISIDORO DE NADAL                   ,1,SANTA TEREZA        ,90830540
43105513,R A VILA N S FATIMA-DIVINEIA                      ,15,BOM JESUS           ,91420701
43105521,R ESTADIO                                         ,29,PASSO DAS PEDRAS    ,91230030
43105530,RUA ANA AURORA DO AMARAL LISBOA                   ,60,PASSO DAS PEDRAS    ,91230000
43105548,AV SANTO DIAS DA SILVA                            ,1,LOMBA DO PINHEIRO   ,91550500
43109217,AV GAMAL ABDEL NASSER                             ,500,RUBEM BERTA         ,91170001
43109195,AV MARIO MENEGHETTI                               ,1000,MORRO SANTANA       ,91260190
43169490,AV JOAQUIM PORTO VILLANOVA                        ,135,JARDIM CARVALHO     ,91410400
43109080,R ABOLICAO                                        ,1,RESTINGA            ,91790130
43179002,R BUTUI                                           ,221,CRISTAL             ,90820150
43109233,AV ENG LUDOLFO BOEHL                              ,1402,CASCATA             ,91720150
43172482,RUA DR CAIO BRANDÃO DE MELLO                      ,1,HUMAITÁ             ,90250110
43109209,R DR MARINO ABRAHAO                               ,240,PASSO DAS PEDRAS    ,91230260
43109144,R MANOEL FARIA DA ROSA PRIMO                      ,940,RESTINGA            ,91790770
43178995,R SAO JOSEMARIA ESCRIVA                           ,0,JARDIM DO SALSO     ,91410000
43109128,RUA SAIBREIRA                                     ,1,CORONEL APARÍCIO BOR,91510350
43109225,R DEZENOVE DE FEVEREIRO                           ,330,MARIO QUINTANA      ,91270450
43179010,R CLAUDIO MANOEL DA COSTA                         ,270,JARDIM SABARÁ       ,91210250
43172474,AV MAJOR MANOEL JOSE MONTEIRO                     ,1,RUBEM BERTA         ,91170570
43172490,RUA FRANCISCO MATTOS TERRES                       ,40,HÍPICA              ,91755070
43179029,AV ECON NILO WULFF                                ,955,RESTINGA            ,91790000
43167535,AV DEPUTADO ADÃO PRETTO                           ,1190,LOMBA DO PINHEIRO   ,91570730
43167179,R GERVAZIO BRAGA PINHEIRO                         ,427,LOMBA DO PINHEIRO   ,91570490
43173721,R IRMA INES FAVERO                                ,1,MARIO QUINTANA      ,91250095
43173713,BC IMPERIO                                        ,75,VILA NOVA           ,91787415
43177018,AVENIDA SEVERO DULLIUS                            ,165,ANCHIETA            ,90200310
43175120,RUA CARLOS SUPERTI                                ,84,VILA NOVA           ,91750020
43177034,RUA SANTA TERESA VILA SÃO JOSÉ COMUNITÁRIA        ,541,VILA SÃO JOSÉ       ,91520713
43177042,R MONSENHOR RUBEN NEIS                            ,430,CAVALHADA           ,91920243
43177050,R WASHINGTON LUIZ                                 ,203,CENTRO HISTÓRICO    ,90010160
43177581,R GENTIL AMANCIO CLEMENTE                         ,1,MORRO SANTANA       ,91270315
43183018,R C VILA CASTELO                                  ,1,RESTINGA            ,91790200
43187560,AV JUCA BATISTA                                   ,0,CHAPÉU DO SOL       ,91786300
43189253,RUA SEIS                                          ,0,MARIO QUINTANA      ,91250000
43204643,R BISPO MARINO PRUDENCIO MOREIRA                  ,95,RESTINGA            ,91790206
43241000,R CAPITAO PEDRO WERLANG                           ,1011,PARTENON            ,91530110
43293050,BC UM RUA LUIZ OTAVIO                             ,347,BELÉM VELHO         ,91787331
43293069,R GERALDO TOLLENS LINCK                           ,0,HÍPICA              ,91787214
43048200,RUA AMELIA SANTINI FORTUNATI                      ,101,SANTA ROSA DE LIMA  ,91160810
43105246,AV NITEROI                                        ,472,MEDIANEIRA          ,90880270
43105505,R XAVIER DE CARVALHO                              ,274,SARANDI             ,91110440
43105246,AV NITEROI                                        ,472,MEDIANEIRA          ,90880270
43177000,R SANTA TEREZINHA                                 ,572,SANTANA             ,90040180
43190499,R VINTE CINCO DE OUTUBRO                          ,295,SARANDI             ,91140500
43190456,R FREDERICO MENTZ                                 ,118,FARRAPOS            ,90250370
43185304,R ULYSSES DE ALENCASTRO BRANDAO                   ,205,SARANDI             ,91140400
43185495,AV DONARIO BRAGA                                  ,159,RUBEM BERTA         ,91160360
43189075,AV VINTE UM DE ABRIL                              ,1470,SARANDI             ,91120630
43189059,R SENHOR DO BOM FIM                               ,956,SARANDI             ,91140380
43185398,RUA K                                             ,120,RUBEM BERTA         ,91160170
43189024,R VINTE QUATRO DE AGOSTO VL MINUANO               ,375,SARANDI             ,91110560
43188141,R JOSUE DE CASTRO                                 ,290,SARANDI             ,91120110
43190588,AV CALDEIA                                        ,210,SARANDI             ,91130540
43190367,BC C VILA NAZARETH                                ,16,SARANDI             ,91060460
43190685,RUA DOIS MIL E SETENTA                            ,300,NAVEGANTES          ,90240300
43185410,R IRMA MARIA JOSE TREVISAN                        ,30,FARRAPOS            ,90250430
43190464,RUA ALÉCIO FACHINI                                ,55,RUBEM BERTA         ,91160000
43190065,R JACY BARCELLOS DE OLIVEIRA                      ,103,RUBEM BERTA         ,91160430
43187820,R JOSEFA BARRETO                                  ,302,PASSO DAS PEDRAS    ,91230080
43185525,R WOLFRAM METZLER                                 ,21,RUBEM BERTA         ,91250320
43188559,R JULIO STREGUE                                   ,55,SARANDI             ,91180030
43185266,RUA CRUZEIRO DO SUL                               ,2702,SANTA TEREZA        ,90840000
43185541,R WOLFRAM METZLER                                 ,605,RUBEM BERTA         ,91250320
43185363,R DONA BECA                                       ,120,RUBEM BERTA         ,91150000
43188184,R SANTA RITA DE CASSIA ILHA MARINHEIROS           ,90,ARQUIPÉLAGO         ,90090000
43190618,R JOSE LUIZ MARTINS COSTA                         ,200,MARIO QUINTANA      ,91250330
43185169,R WOLFRAM METZLER                                 ,334,RUBEM BERTA         ,91250320
43188168,R NOSSA SENHORA APARECIDA I MARINHEIROS           ,3144,ARQUIPELAGO         ,90090400
43185568,R JOAO BRAVO DE ALMEIDA                           ,101,SARANDI             ,91180035
43185320,R WOLFRAM METZLER                                 ,567,RUBEM BERTA         ,91250320
43187862,R PEDRO RAUPP                                     ,160,JARDIM ITU          ,91225080
43184960,R THOMAZ FRANCISCO DE JESUS                       ,412,JARDIM CARVALHO     ,91430750
43185371,R DEZESSEIS VILA MATO SAMPAIO                     ,623,BOM JESUS           ,91420620
43190316,R CINCO VILA VALNERI ANTUNES                      ,10,MARIO QUINTANA      ,91260350
43190650,AV VITORIA                                        ,35,PASSO DAS PEDRAS    ,91225040
43190383,AV DEZ DE MAIO                                    ,265,PASSO DAS PEDRAS    ,91230480
43187471,R PANAMA                                          ,324,BOM JESUS           ,91420200
43185274,R J VILA FATIMA-PINTO                             ,220,BOM JESUS           ,91420120
43189032,RUA 4                                             ,62,MORRO SANTANA       ,91450430
43185355,R GEN SALVADOR PINHEIRO                           ,799,VILA JARDIM         ,91320240
43185070,R OITO VILA MATO SAMPAIO                          ,32,BOM JESUS           ,91420591
43185100,R JOSE MADRID                                     ,985,JARDIM CARVALHO     ,91430580
43190014,RUA 05 V. LARANJEIRAS                             ,174,MORRO SANTANA       ,91310001
43185045,TRAV. CEL ANTONIO CARNEIRO PINTO                  ,195,PETRÓPOLIS          ,90460020
43185517,R JACINTO GOMES                                   ,683,SANTANA             ,90040270
43189067,R ALMIRANTE ALVARO A DA MOTTA E SILVA             ,200,MENINO DEUS         ,90160130
43187609,AV AZENHA                                         ,366,AZENHA              ,90160004
43190120,R BOM JESUS                                       ,610,BOM JESUS           ,91420030
43190707,AV MARTIM FELIX BERTA                             ,2575,RUBEM BERTA         ,91270650
0,R ARMANDO PEDRO DA ROZA                           ,170,PITINGA             ,91790000
43108865,R SAO MANOEL                                      ,1909,RIO BRANCO          ,90620110
43184979,R JOSE MADRID                                     ,736,JARDIM CARVALHO     ,91430580
43190391,AV IPIRANGA                                       ,5229,PRAIA DE BELAS      ,90160092
43185088,R TANAUI DA SILVA BOEIRA                          ,209,LOMBA DO PINHEIRO   ,91570440
43190049,RUA PADRE ROQUE GONZALES                          ,315,LOMBA DO PINHEIRO   ,91570170
43185312,RUA RIO NEGRO - LOMBA DO PINHEIRO                 ,59,LOMBA DO PINHEIRO   ,91570330
43183069,R SÃO MARCOS - LOMBA DO PINHEIRO                  ,150,LOMBA DO PINHEIRO   ,91570380
43185207,RUA DONA FIRMINA                                  ,1583,VILA JOÃO PESSOA    ,91520210
43185606,LG PAINEIRAS                                      ,477,VILA JOÃO PESSOA    ,91510070
43187854,RUA D                                             ,200,PARTENON            ,91510480
43185649,RUA SÃO JOSÉ VILA SÃO JOSÉ COMUNITÁRIA            ,29,VILA SÃO JOSÉ       ,91520470
43185592,RUA VIDAL DE NEGREIROS                            ,996,VILA SÃO JOSÉ       ,91520480
43190308,TRAVESSA SÃO JOÃO                                 ,57,VILA SÃO JOSÉ       ,91520560
43185436,RUA MIGUEL OLVICTO DOS SANTOS                     ,71,LOMBA DO PINHEIRO   ,91550280
43185614,R SANTA CATARINA ESTR JOÃO DE O REMIÃO            ,30,LOMBA DO PINHEIRO   ,91560000
43185479,R ABACATEIRO                                      ,195,LOMBA DO PINHEIRO   ,91560480
43187382,ESTR JOÃO DE OLIVEIRA REMIÃO                      ,6269,LOMBA DO PINHEIRO   ,91130540
43187781,R GUAIBA-LOMBA DO PINHEIRO                        ,95,LOMBA DO PINHEIRO   ,91560640
43187137,R ERNESTO LISCANO                                 ,195,AGRONOMIA           ,91540310
43187838,TRAV A VILA NOSSA SENHORA DA GLORIA               ,252,CASCATA             ,91710151
43190189,AV PROF OSCAR PEREIRA                             ,4443,AZENHA              ,90640070
43185185,R NOSSA SENHORA DO BRASIL-SANTA TERESA            ,83,SANTA TEREZA        ,90850510
43185053,ESTR BARCELLOS                                    ,2268,CASCATA             ,91712300
43190219,R CANUDOS                                         ,625,CASCATA             ,91712340
43185282,R CAIXA ECONOMICA                                 ,633,SANTA TEREZA        ,90840610
43190405,RUA OCTAVIO DE SOUZA                              ,1818,TERESÓPOLIS         ,90840350
43190537,RUA OSMAR SANTOS FREITAS                          ,40,SANTA TEREZA        ,90840405
43187811,R DONA OTILIA                                     ,927,SANTA TEREZA        ,90830580
43190570,R URSA MAIOR                                      ,215,CRISTAL             ,90820200
43190553,R EUCLIDES DE ALMEIDA                             ,20,SANTA TEREZA        ,90840640
43190669,R PADRE NOBREGA                                   ,280,SANTA TEREZA        ,90830640
43190146,AV CAI                                            ,1039,CRISTAL             ,90810120
43190626,R OCTAVIO DE SOUZA                                ,1237,NONOAI              ,90840350
43190502,AV ARROIO DOS PADRES                              ,130,VILA NOVA           ,91712390
43185096,R CAIXA ECONOMICA                                 ,320,SANTA TEREZA        ,90840610
43188206,R CEL TIMOTEO                                     ,350,CAMAQUÃ             ,91910680
43190081,RUA ADÃO ARAUJO                                   ,81,CORONEL APARÍCIO BOR,91710560
43190634,ESTR BATILLANAS                                   ,1005,CASCATA             ,91712310
43185118,R ARAPEI                                          ,103,CRISTAL             ,90830470
43188540,BC UM RUA CEL TIMOTEO                             ,465,CAVALHADA           ,91910000
43188036,ESTR COSTA GAMA                                   ,719,BELÉM VELHO         ,91787311
43185444,VILA ORFANOTROFIO II                              ,54,NONOAI              ,90840440
43185215,R OCIDENTE                                        ,125,CASCATA             ,91710390
43187803,BC FLORES VILA TRONCO II                          ,346,SANTA TEREZA        ,90843462
43188079,R ERECHIM                                         ,1280,NONOAI              ,90830000
43185452,R DEPUTADO CUNHA BUENO                            ,21,VILA NOVA           ,91751270
43187765,R DORIVAL CASTILHO MACHADO                        ,20,HIPICA              ,91755210
43184987,R AUGUSTO COMTE                                   ,80,CAVALHADA           ,91910370
43187943,R EMILIA PERRONI FERNANDES                        ,100,CAMAQUA             ,91910295
43185258,RUA  MORRO ALTO                                   ,485,ABERTA DOS MORROS   ,91751650
43185347,R PAULO MACIEL                                    ,89,VILA NOVA           ,91751350
43201377,R DONA PAULINA                                    ,700,TRISTEZA            ,91920030
43185240,RUA NOVA IPANEMA                                  ,34,HÍPICA              ,91755200
43185223,R DR JULIO TEIXEIRA                               ,201,VILA NOVA           ,91751290
43189083,R ROBERTO FELIX BERTOI                            ,25,CAMAQUÃ             ,91910540
43185142,PCA NOSSA SENHORA DE BELEM                        ,119,BELEM VELHO         ,91712240
43185134,R MISSISSIPI                                      ,30,RESTINGA            ,91790430
43188460,R MANOEL FARIA DA ROSA PRIMO                      ,779,RESTINGA            ,91790770
43190529,R TOBAGO                                          ,570,RESTINGA            ,91790530
43185584,R TOBAGO                                          ,1258,RESTINGA            ,91790530
43185533,ESTR BARRO VERMELHO                               ,542,RESTINGA            ,91790100
43188125,RUA ALAMEDA D                                     ,84,RESTINGA            ,91790610
43188745,AV JUCA BATISTA                                   ,6841,IPANEMA             ,91770001
43188150,R JOSE DE ABREU FRAGA                             ,52,RESTINGA            ,91790095
43190430,AV LUIZ FRANCISCO ZANELLA                         ,1001,RESTINGA            ,91790800
43190677,R DOMINGOS DE ABREU                               ,290,SARANDI             ,91120090
43188311,AV GUAIBA                                         ,3955,CRISTAL             ,91900420
43190723,R MENEZES PAREDES                                 ,425,NONOAI              ,90830070
43190561,R JOSE LUIZ MARTINS COSTA                         ,1001,MARIO QUINTANA      ,91250330
43190545,R HONDURAS                                        ,19,BELEM VELHO         ,91787302
43190375,AV PROF OSCAR PEREIRA                             ,7788,BELÉM VELHO         ,91712320
43191878,AV ADELINO FERREIRA JARDIM                        ,280,RUBEM BERTA         ,91250310
43200915,R JARY                                            ,0,PASSO DA AREIA      ,91350170
43188214,AV TRAMANDAI                                      ,395,IPANEMA             ,91760050
43190170,ESTR SAO FRANCISCO                                ,1172,LOMBA PINHEIRO      ,91550250
43204635,RUA DRA VERA GLUSMAN KNIJNIK                      ,40,VILA CONCEIÇÃO      ,91920073
43204660,R MONSENHOR RUBEN NEIS                            ,731,CAVALHADA           ,91920000
43201270,BC VITORIA                                        ,1460,LAGEADO             ,91787220
43185029,R DEMETRIO RIBEIRO                                ,594,CENTRO HISTORIC     ,90010312
43204651,R DONA MARIA                                      ,50,SANTA TEREZA        ,90850280
43201237,R CRISTAL DA PAZ                                  ,180,MARIO QUINTANA      ,91270844
43206220,RUA 7153                                          ,100,RESTINGA            ,90001970
43201288,R MARIA TRINDADE                                  ,115,FARRAPOS            ,90250275
43201156,AV PRESIDENTE FRANKLIN ROOSEVELT                  ,910,SAO GERALDO         ,90230002
43188222,ACESSO O                                          ,2051,RESTINGA            ,91792260
43191894,R ENG OSCAR DE OLIVEIRA RAMOS                     ,1411,RESTINGA            ,91790050
43208312,R SEISCENTOS NOVENTA OITO                         ,104,FARRAPOS            ,90250596
43208185,RUA B AFRICA DO SUL                               ,7,BELÉM VELHO         ,91787351
43207715,RUA AMERICANA                                     ,90,BELÉM VELHO         ,91787380
43207707, RUA TABAJARAS                                    ,105,CASCATA             ,91712310
43211399,R MONSENHOR SEVERINO BRUN                         ,65,FARRAPOS            ,90245308
43211100,RUA JOAO PARIS                                    ,1107,SARANDI             ,91160440
43211453,RUA C                                             ,4,RESTINGA            ,91790110
43211119,R VEREADOR ELOY MARTINS                           ,103,FARRAPOS            ,90250264
43209254,AV IRMAO FAUSTINO JOAO                            ,59,RUBEM BERTA         ,91250690
43190790,R SEZEFREDO IGNACIO DE OLIVEIRA                   ,895,PASSO DAS PEDRA     ,91230440
43211135,BC ALEGRIA                                        ,141,RUBEM BERTA         ,91170591
43211330,AV JOAO PESSOA                                    ,2301,AZENHA              ,90040001
43211216,R HORTENCIO MACHADO DE LIMA                       ,48,RESTINGA            ,91790620
43240615,R EMILIA PERRONI FERNANDES                        ,100,CAMAQUÃ             ,91910295
43280005,R GARCA-MOURA                                     ,100,FLORESTA            ,90220330
43240208,R VIOLETA PARQUE DAS ORQUIDEAS                    ,2,MARIO QUINTANA      ,91260396
43281001,TRAV COSME E DAMIAO                               ,84,PARTENON            ,90680247
43240011,R SALOMAO DUBIN                                   ,11,BOA VISTA           ,91340450
43240607,R VIUVINHA                                        ,275,JARDIM CARVALHO     ,91430817
43282008,R GERALDINA BATISTA                               ,115,RUBEM BERTA         ,91150095
43240429,R DONA TEODORA                                    ,984,FARRAPOS            ,90240300
43283004,R JACQUES YVES COSTEAU                            ,565,RESTINGA            ,91790425
43201296,R DEODORO                                         ,250,MARIO QUINTANA      ,91260370
43187846,RUA IRMAOS MARISTAS                               ,1,MARIO QUINTANA      ,91250254
43206239,R CRUZEIRO DO SUL                                 ,2873,SANTA TEREZA        ,90840000
43282016,R ARAPEI                                          ,551,CRISTAL             ,90830470
43240402,ESTRADA CRISTIANO KRAEMER                         ,541,VILA NOVA           ,91750060
43284000,RUA  COLINA                                       ,150,VILA NOVA           ,91750000
43211356,AV DR JOAO DENTICE                                ,779,RESTINGA            ,91790090
43207723,ACESSO A                                          ,3036,RESTINGA            ,91793020
43260004,R TOBAGO                                          ,1260,RESTINGA            ,91790530
43254403,AV JOAQUIM PORTO VILLANOVA                        ,136,JARDIM CARVALHO     ,91410400
43254209,RUA MILTON SALES SILVEIRA                         ,37,CORONEL APARÍCIO BOR,91530660
43259014,RUA BERNARDI                                      ,61,CRISTO REDENTOR     ,91040030
43211666,R VINTE SETE VILA MATO SAMPAIO                    ,125,BOM JESUS           ,91420634
43254624,AV MOAB CALDAS ACESSO 6                           ,20,SANTA TEREZA        ,90880310
43240410,AV IPIRANGA                                       ,3780,PRAIA DE BELAS      ,90160090
43259006,R PEDRO BOTICARIO                                 ,336,PARTENON            ,90660070
43295274,R PRIMAVERA                                       ,50,SARANDI             ,91140290
43300170,ESTR ARACAJU                                      ,453,VILA NOVA           ,91740320
43211062,R ORFANOTROFIO                                    ,336,TERESOPOLIS         ,90840440
43296181,R MANOEL FERRADOR                                 ,405,PASSO DAS PEDRAS    ,91230370
43295282,R BONIFACIO CALDERON                              ,45,PASSO DAS PEDRAS    ,91230170
43299199,DIRETRIZ 3729                                     ,116,PARTENON            ,91520650
43206247,R INFANCIA                                        ,302,RUBEM BERTA         ,91170715
43298206,R ALBERTO SEHBE SIMON                             ,74,RUBEM BERTA         ,91160595
43300146,R JAIME LINO DOS SANTOS FILHO                     ,604,LOMBA DO PINHEIRO   ,91550610
43298150,R B VILA BECO DOS HERDEIROS                       ,61,AGRONOMIA           ,91540030
43185290,AV POLONIA                                        ,625,SÃO GERALDO         ,90230110
43211348,R VIDAL BARBOSA                                   ,1075,SARANDI             ,91120340
43299148,AV ENG ARY DE ABREU LIMA                          ,390,VILA IPIRANGA       ,91360070
43297110,R ANTONIO JOSE DE SANTANA                         ,899,AGRONOMIA           ,91540180
43300081,RUA JOSÉ INÁCIO DA SILVA                          ,441,BELÉM NOVO          ,91780240
43296190,R SARGENTO MANOEL ARRUDA                          ,405,JARDIM CARVALHO     ,91430220
43300120,RESTINGA 4 UNIDADE ACESSO 6                       ,4628,RESTINGA            ,91795100
43298133,R FELISBERTO MAIA                                 ,190,MARIO QUINTANA      ,91260371
43296130,BC CARLOS SUPERTI                                 ,300,VILA NOVA           ,91750020
43108580,RUA FELIPE NERI                                   ,78,AUXILIADORA         ,90440150
43285007,AV ECON NILO WULFF                                ,919,RESTINGA            ,91790000
43367330,BECO DO GUARÁ                                     ,59,GUARUJÁ             ,91770012
43367348,RUA OLRLANDO AITA                                 ,2,JARDIM LEOPOLDINA   ,91240030
43367356,R PESCADOR                                        ,400,ARQUIPÉLAGO         ,90090170
43367364,RUA ITAPUA                                        ,94,MARIO QUINTANA      ,91270325
43367372,R PRISMA                                          ,64,SANTA TEREZA        ,90840130
43367380,R ANA JULIA                                       ,176,LOMBA DO PINHEIRO   ,91550000
43210457,AV MOAB CALDAS                                    ,33,SANTA TEREZA        ,90880310
43209041,R DR ANTONIO MAZZAFERRO NETO                      ,443,ABERTA DOS MORROS   ,91787196
43361404,R RAUL CAUDURO                                    ,297,MARIO QUINTANA      ,91270580
43241204,R NOVA OLINDA                                     ,203,LAMI                ,91787640
43185231,R SANTANA                                         ,1225,FARROUPILHA         ,90040372
43187870,R MARCIANO RIBEIRO                                ,83,MEDIANEIRA          ,90870360
43004822,R PARLAMENTO                                      ,215,MORRO SANTANA       ,91450370
43004849,R GRACIANO CAMOZZATO                              ,0,FARRAPOS            ,90250390
43004610,R MARIA PAULA LEAL                                ,200,FARRAPOS            ,90250617
43004369,AV A J RENNER                                     ,773,HUMAITÁ             ,90245000
43004830,R DR MEER MARIO KAUFMANN                          ,336,STA ROSA LIMA       ,91160270
43004350,R PAULINO AZURENHA                                ,445,PARTENON            ,90680240
43004342,RUA DA COMUNIDADE                                 ,16,LOMBA DO PINHEIRO   ,91560550
43006817,R STEFAN HERMANN                                  ,4,PONTA GROSSA        ,91780598
43379060,AV BERNARDINO SILVEIRA PASTORIZA                  ,641,RUBEM BERTA         ,91160310
43203159,R JOSE DO PATROCINIO                              ,920,CIDADE BAIXA        ,90050002
43206255,R LIBERAL                                         ,3187,CAVALHADA           ,91920682
43367429,R DOMINGOS JOSE POLI                              ,331,RESTINGA            ,91790072
43004334,AV ECON NILO WULFF                                ,929,RESTINGA            ,91790000
43004318,AV ENG LUDOLFO BOEHL                              ,1402,CASCATA             ,91720150
43295290,RUA BECO DOS MARIANOS                             ,164,AGRONOMIA           ,91540605
43006825,RUA PEDRO RAIMUNDO                                ,179,CHAPÉU DO SOL       ,91787029
43006833,ESTR CRISTIANO KRAEMER                            ,1078,VILA NOVA           ,91750062
43006841,R PRISMA                                          ,203,SANTA TEREZA        ,90840130
43185622,AV VENANCIO AIRES                                 ,1030,FARROUPILHA         ,90040192
43201270,BC VITORIA                                        ,1460,LAGEADO             ,91787220
43008666,R MILLO RAFFIN                                    ,79,MARIO QUINTANA      ,91240475
43009166,R SARGENTO SILVIO DELMAR HOLLENBACH               ,698,RUBEM BERTA         ,91240120
43008690,R CEL CLAUDINO                                    ,80,CRISTAL             ,91910670
43009115,AC CIRIO AMARAL DE OLIVEIRA                       ,403,RESTINGA            ,91790260
43009280,R BARAO DE BAGE                                   ,317,VILA JARDIM         ,91330570
43047670,BR 290                                            ,98,ARQUIPÉLAGO         ,90090004
43362540,AV VINTE UM DE ABRIL                              ,441,SARANDI             ,91120630
43048170,R DEZIDERIO SEVERINO                              ,431,PASSO DAS PEDRAS    ,91230250
43089178,R CAPITAO PEDROSO                                 ,540,RESTINGA            ,91790790
43142478,AV DR JOAO DENTICE                                ,1045,RESTINGA            ,91790090
43089283,R ELZIRA NUNES DA SILVA                           ,100,RESTINGA            ,91788712
43051510,R WALTHER SCHNEIDER                               ,224,RESTINGA            ,91790402
43089160,R ARGEMIRO OGANDO CORREA                          ,350,SERRARIA            ,91770810
43046088,ACESSO F                                          ,2492,RESTINGA            ,91793695
43044999,R COLISEU                                         ,893,RESTINGA            ,91790280
43089194,RUA E                                             ,115,LAMI                ,91787516
43089216,ACB(SQ 6 -3 UNIDADE VICINAL)                      ,3728,RESTINGA            ,91793440
43142672,R BEZERRA DE MENEZES                              ,410,PASSO DA AREIA      ,91350130
0,R EUSTAQUIO INACIO DA SILVEIRA                    ,290,BELEM NOVO          ,91780110
43142362,RUA 2A ESTRADA OTAVIANO JOSE PINTO                ,21,LAMI                ,91787564
43162274,R ATTILIO BILIBIO                                 ,261,JARDIM CARVALHO     ,91530008
43105416,R MARIO DE ARTAGAO                                ,13,PARTENON            ,90680090
43189768,R DONA PAULINA                                    ,700,TRISTEZA            ,91920030
43382118,AV BURGUESES                                      ,255,PARTENON            ,91530020
43385087,R C ESTR JOAO DE OLIVEIRA REMIAO                  ,4444,LOMBA PINHEIRO      ,91560080
43383050,R JOSE MADRID                                     ,980,JARDIM CARVALHO     ,91430580
43212123,ESTR ARACAJU                                      ,650,NONOAI              ,91740320
43384099,R ARIOVALDO PINHEIRO                              ,24,PASSO DA AREIA      ,91350120
43385079,AV LUIZ FRANCISCO ZANELLA                         ,504,RESTINGA            ,91790800
43382088,RUA CARLOS NIDERAUER HOFMAISTER                   ,962,RESTINGA            ,91790020
43385095,AV MOAB CALDAS                                    ,485,                    ,90880310
43384102,AV SOUZA MELO                                     ,489,SARANDI             ,91120600
43382100,R IRMA MARIA JOSE TREVISAN                        ,10,FARRAPOS            ,90250430
43382096,R DR MANOEL JOSE LOPES FERNANDES                  ,650,VL JOAO PESSOA      ,91510420
43384080,AV SERTORIO                                       ,253,NAVEGANTES          ,91020001
43000070,ESTR CHACARA DO BANCO                             ,71,RESTINGA            ,91790750
43000118,RUA D                                             ,14,JARDIM CARVALHO     ,91440160
43000169,RUA D                                             ,14,JARDIM CARVALHO     ,91440160
43000088,RUA WOLFRON MEDZLER                               ,650,RUBEM BERTA         ,91250320
43000096,RUA JOSÉ PERES GARCIA                             ,17,VILA FARRAPOS       ,90250470
43000100,ESTRADA ANTONIO SEVERINO                          ,1493,MARIO QUINTANA      ,91250330
43000126,R NICOLAU COELHO                                  ,58,VILA IPIRANGA       ,91380170
43000177,R ANDRADAS                                        ,680,CENTRO HISTORIC     ,90020000
43000185,R JOSE MADRID                                     ,980,JARDIM CARVALHO     ,91430580
43001190,RUA 7121                                          ,0,RESTINGA            ,91791508
43104924,AV DR NILO PECANHA                                ,1521,PETROPOLIS          ,90470001
43104940,AV CRISTOVAO COLOMBO                              ,1098,FLORESTA            ,90560001
43104959,AV BENTO GONCALVES                                ,4314,PARTENON            ,90650001
43104967,AV PRESIDENTE ROOSEVELT                           ,770,SAO GERALDO         ,90230001
43104975,RUA CARLOS HUBER                                  ,425,TRES FIGUEIRAS      ,91330150
43104983,AV PROTASIO ALVES                                 ,943,SANTA CECILIA       ,90410000
43104991,AV PADRE CACIQUE                                  ,1028,PRAIA DE BELAS      ,90810240
43105017,RUA RAMIRO BARCELOS                               ,996,MOINHOS DE VENTO    ,90035001
43105025,AV PROF OSCAR PEREIRA                             ,3052,GLORIA              ,91710000
43105033,RUA RIACHUELO                                     ,800,CENTRO              ,90010272
43105041,AV SERTORIO                                       ,253,NAVEGANTES          ,91020001
43105050,RUA PAULINO CHAVES                                ,262,SANTO ANTONIO       ,90640200
43105068,AV PROTASIO ALVES                                 ,2493,PETROPOLIS          ,90410002
43105076,AV CAVALHADA                                      ,2250,CAVALHADA           ,91740000
43105084,RUA LUIZ DE CAMOES                                ,372,SANTO ANTONIO       ,90620150
43105092,AV PADRE LEOPOLDO BRENTANO                        ,700,HUMAITA             ,90250590
43105106,RUA HONORIO SILVEIRA DIAS                         ,645,SAO JOAO            ,90550150
43105114,RUA DOM DIOGO SOUZA                               ,100,CRISTO REDENTOR     ,91360000
43105130,RUA ALVARO CHAVES                                 ,625,FLORESTA            ,90220040
43105149,RUA DUQUE DE CAXIAS                               ,1475,CENTRO              ,90010283
43105157,RUA JOAO OBINO                                    ,110,PETROPOLIS          ,90470150
43105165,RUA FELIX DA CUNHA                                ,515,FLORESTA            ,90470001
43105173,RUA ENEAS FLORES                                  ,55,RUBEM BERTA         ,91250570
43105181,AV IPIRANGA                                       ,1090,AZENHA              ,90160091
43105190,RUA NOVA PRATA                                    ,180,IAPI                ,90520150
43105203,AV FRANCA                                         ,400,NAVEGANTES          ,90230220
43105211,RUA GONCALVES DIAS                                ,1022,MENINO DEUS         ,90130060
43105220,AV PIRATINI                                       ,76,SANTANA             ,90040160
43105238,AV OTTO NIEMEYER                                  ,650,TRISTEZA            ,91910001
43105262,RUA ARTIGAS                                       ,340,PETROPOLIS          ,90670120
43105270,VIELA SAO BRAS                                    ,17,PASSO DAREIA        ,90520480
43105289,RUA MAL JOSE INACIO DA SILVA                      ,305,IAPI                ,90520280
43105300,RUA DR CARLOS FLORES                              ,53,BELEM NOVO          ,91780080
43105319,RUA PEDRO IVO                                     ,88,MONTSERRAT          ,90450210
43105327,RUA FILADELFIA                                    ,314,HIGIENOPOLIS        ,90550060
43105335,RUA GEN GOMES CARNEIRO                            ,364,MEDIANEIRA          ,90870310
43105343,RUA ALARICO VALENCA                               ,160,PARTENON            ,91520010
43105351,RUA BORTOLO BARBIERI                              ,90,JARDIM SAO PEDRO    ,91040160
43105360,RUA SANTA TEREZINHA                               ,572,SANTANA             ,90040160
43105386,AV ANTONIO DE CARVALHO                            ,495,JARDIM CARVALHO     ,91430001
43105394,RUA MANOEL DO CARMO                               ,100,NONOAI              ,90830340
43105408,RUA CAMAQUA                                       ,534,CAMAQUA             ,91910630
43105416,RUA MARIO ARTAGAO                                 ,13,PARTENON            ,90680090
43105432,RUA VERISSIMO ROSA                                ,175,PARTENON            ,90610280
43105564,RUA NOSSA SRA DE FATIMA                           ,201,RUBEM BERTA         ,91180003
43105572,AV PRESIDENTE ROOSEVELT                           ,149,NAVEGANTES          ,90230000
43105580,RUA ADAO BAINO                                    ,206,CRISTO REDENTOR     ,91350240
43105602,ESTRADA DOS BATTILANAS                            ,140,CASCATA             ,91712310
43105610,NOEL ROSA                                         ,223,JARDIM ITU SABARA   ,91210110
43105629,RUA PASSOS FIGUEROA                               ,841,SARANDI             ,91110500
43105637,TRAV PROF.EMETERIO G.FERNANDEZ                    ,345,JARDIM ITATI        ,91370380
43105670,AV MATHILDE T RENNER                              ,55,JARDIM ITATI        ,91370000
43105688,AV JOSE LOUREIRO DA SILVA                         ,945,CENTRO              ,90010420
43105696,RUA DUQUE DE CAXIAS                               ,385,CENTRO              ,90010282
43105718,RUA ANDRADAS                                      ,861,CENTRO              ,90020003
43105734,RUA MALI                                          ,405,CRISTO REDENTOR     ,91370230
43105742,RUA SARG EXP. GERALDO SANTANA                     ,0,PARTENON            ,91530640
43105750,RUA SALVADOR PINHEIRO                             ,65,VILA JARDIM         ,91320240
43105769,AV BENTO GONCALVES                                ,8426,AGRONOMIA           ,91540000
43105777,AV TRONCO                                         ,150,SANTA TEREZA        ,90880310
43105785,RUA RODRIGUES DA FONSECA                          ,1666,VILA NOVA           ,91740800
43105793,RUA JARDIM DAS BROMÉLIAS                          ,52,JARDIM CAMAQUA      ,91920400
43105807,AV PROTASIO ALVES                                 ,13097,PASSO DORNELLES     ,91260000
43105815,RUA CAPITAO COELHO                                ,95,ARQUIPELAGO         ,90090040
43105823,TRAV GETULIO VARGAS                               ,2,ARQUIPELAGO         ,90090260
43105831,RUA OCTACILIO JOSE DIAS                           ,0,JARDIM INGA         ,91230380
43105840,RUA JOAQUIM SILVEIRA                              ,738,SAO SEBASTIAO       ,91060320
43105858,AVENIDA CAUDURO                                   ,238,BOM FIM             ,90035110
43105866,RUA BOM JESUS                                     ,505,BOM JESUS           ,91420030
43105874,RUA SÃO MANOEL                                    ,1981,SANTANA             ,90620110
43105882,EST GEDEON LEITE                                  ,780,HIPICA              ,91787770
43105890,S/INF PANDIA CALOGERAS                            ,429,SARANDI             ,91120560
43105904,RUA 9 DE JUNHO                                    ,542,PARTENON            ,91520610
43105912,RUA GARIBALDI                                     ,853,INDEPENDENCIA       ,90035051
43105920,EST DOS  ALPES                                    ,0,GLORIA              ,91720120
43105939,RUA ANGELITO ASMUZ AIQUEL                         ,125,BOA VISTA           ,91340410
43105947,RUA HUMBERTO DE CAMPOS                            ,130,PARTENON            ,90660280
43105963,AV. DO LAMI                                       ,4742,BELEM NOVO          ,91780120
43105971,AV SAO PAULO                                      ,1020,SAO GERALDO         ,90230160
43105980,RUA DONA MARGARIDA                                ,1199,SAO JOAO            ,90240611
43105998,RUA TUNISIA                                       ,60,JARDIM ITATI        ,91370290
43106005,RUA PROF.CLEMENTE PINTO                           ,555,ALTO TERESOPOLIS    ,90870220
43106013,RUA ALMIRANTE BARROSO                             ,79,FLORESTA            ,90220021
43106021,RUA MUCIO TEIXEIRA                                ,252,MENINO DEUS         ,90050360
43106030,TRAVESSA DR HEINZELMANN                           ,250,NAVEGANTES          ,90240100
43106048,RUA IRMA MARIA JOSE TREVISAN                      ,200,NAVEGANTES          ,90250430
43106056,S/INF ARNALDO BOHRER                              ,98,TERESOPOLIS         ,91720130
43106064,RUA SALVADOR FRANCA JUNTO 3 RCGD                  ,0,PARTENON            ,90690000
43106072,RUA PRUDENTE DE MORAIS                            ,27,CHACARA DAS PEDRAS  ,91330170
43106080,RUA DOS ARACHANES                                 ,242,ESPIRITO SANTO      ,91770130
43106099,RUA ALEXANDRE HERCULANO                           ,11,BOM JESUS           ,91420360
43106102,RUA CLEVELAND JUNTO A 1 DL                        ,250,MORRO SANTA TEREZA  ,90850240
43106110,ESTR EDGAR PIRES DE CASTRO                        ,0,BELEM NOVO          ,91787000
43106129,RUA RUA D                                         ,220,SERRARIA            ,91770810
43106137,RUA PEDRO BOTICARIO                               ,654,GLORIA              ,90660070
43106145,RUA DONA HELENA                                   ,100,SANTA TEREZA        ,90840180
43106153,AV BENTO GONCALVES                                ,7500,AGRONOMIA           ,91540000
43106161,RUA AFONSO CELSO PUPE DA SILVEIRA                 ,25,JARDIM IPIRANGA     ,91360020
43106170,AV ITAJAI                                         ,241,PETROPOLIS          ,90470140
43106188,ESTRADA COSTA GAMA                                ,801,BELEM VELHO         ,91787290
43106196,ESTR JOAO DE OLIVEIRA REMIAO                      ,2689,LOMBA DO PINHEIRO   ,91550000
43106200,RUANF MONTEIRO LOBATO                             ,475,PARTENON            ,90620270
43106218,RUA BATOVI                                        ,25,VILA LEAO SARANDI   ,91130520
43106226,RUA BISPO SARDINHA                                ,159,IPIRANGA            ,91370130
43106234,RUA MARIO DE ARTAGAO                              ,455,PARTENON            ,90680090
43106242,ESTR RETIRO DA PONTA GROSSA                       ,3541,PONTA GROSSA        ,91785340
43106250,RUA D. FIRMINA                                    ,1377,PARTENON            ,91520210
43106277,RUA VIDAL DE NEGREIROS                            ,432,PARTENON            ,91520480
43106285,RUA PARQUE DOS NATIVOS                            ,545,VILA IPIRANGA       ,91370360
43106293,PRACA NOSSA SENHORA DE BELEM                      ,0,BELEM VELHO         ,91712240
43106307,RUA SEBASTIAO WOLF                                ,231,NONOAI              ,91720540
43106315,RUA GEN CALDWELL                                  ,1175,AZENHA              ,90130051
43106323,RUA ANTONIO SEVERINO NETO                         ,109,RUBEM BERTA         ,91250330
43106331,RUA ASCENCAO                                      ,245,GLORIA              ,91710180
43106340,RUA WASHINGTON LUIZ                               ,980,CENTRO              ,90010460
43106358,BARAO DO CERRO LARGO                              ,385,MENINO DEUS         ,90850110
43106366,RUA VICINAL UM - VILA SAO FRANCISCO               ,145,LOMBA DO PINHEIRO   ,91550550
43106374,PRACA INACIO ANTONIO DA SILVA                     ,0,BELEM NOVO          ,91780330
43106382,RUA 1 SN CEFER II PARTENON                        ,0,JARDIM CARVALHO     ,91430370
43106390,RUA DR EDUARDO CHARTIER                           ,1192,HIGIENOPOLIS        ,90520100
43106404,RUA FELIPE DE OLIVEIRA                            ,59,SANTA CECILIA       ,90630000
43106412,RUA UPAMOROTI                                     ,1200,CRISTAL             ,90820140
43106420,RUA FREDERICO GUILHERME GAELZER                   ,168,JARDIM DO SALSO     ,91410140
43106439,ESTR DO VAREJAO                                   ,372,LAMI                ,91787170
43106447,RUA CARLOS PESSOA DE BRUM                         ,150,SANTO ANTONIO       ,90640140
43106455,RUA HUM CEFER 1                                   ,0,PARTENON            ,91430320
43106463,AV AMERICA                                        ,145,AUXILIADORA         ,90440020
43106480,RUA FRANCISCO MARTINS                             ,0,CASCATA             ,91712150
43106498,PRACA  PAULO DE ARAGAO BOZANO                     ,0,VILA IPIRANGA       ,91360160
43106501,RUA CANDIOTA                                      ,145,PASSO DAREIA        ,91030020
43106528,RUA PROFESSOR EMILIO KEMP                         ,65,JARDIM ITU SABARA   ,91380380
43106536,ESTR DA EXTREMA                                   ,2943,LAMI                ,91787540
43106544,EST EDGAR PIRES DE CASTRO                         ,3050,RESTINGA            ,91787000
43106552,RUA SENHOR DO BOM FIM                             ,0,SARANDI             ,91140380
43106560,RUA LUIZ MANOEL                                   ,2,AZENHA              ,90040390
43106587,AV PROF PAULA SOARES                              ,1095,JARDIM ITU SABARA   ,91220450
43106595,RUA ENRICO CARUSO                                 ,444,JARDIM ITU SABARA   ,91215300
43106609,RUA COMENDADOR EDUARDO SECCO                      ,0,VILA IPE I          ,91440160
43106617,RUA JUAREZ TAVORA                                 ,550,PARTENON            ,91520100
43106625,RUA SAO MIGUEL                                    ,487,APARICIO BORGES     ,91710330
43106633,AV BRINO                                          ,350,PASSO DAREIA        ,91030280
43106641,AV ELIAS CIRNE LIMA                               ,100,INTERCAP            ,91530310
43106650,RUA VIUVINHA                                      ,277,JARDIM CARVALHO     ,91430402
43106668,RUA JOAO ALFREDO                                  ,443,CIDADE BAIXA        ,90050230
43106676,RUA RIVEIRA                                       ,400,PETROPOLIS          ,90670160
43106684,RUA JACINTO OSORIO                                ,60,SANTANA             ,90040290
43106692,RUA      HONDURAS                                 ,115,BELEM VELHO         ,91787260
43106706,RUA XAVIER DA CUNHA                               ,680,NONOAI              ,90830430
43106714,RUA TENENTE ARI TARRAGO                           ,0,PARTENON            ,91500000
43106722,JACKSON DE FIGUEIREDO                             ,675,SARANDI             ,91120380
43106730,AV SATURNINO DE BRITO                             ,1425,VILA JARDIM         ,91320001
43106749,ESTR COSTA GAMA                                   ,3501,BELEM VELHO         ,91787290
43106757,AV PRESIDENTE VARGAS                              ,129,0,90090180
43106765,AV ELY CORREA PRADO                               ,915,MARIO QUINTANA      ,91260300
43106773,ESTR JUCA BATISTA                                 ,3450,IPANEMA             ,91755000
43106781,RUA GOMES CARNEIRO                                ,45,MEDIANEIRA          ,90870310
43106790,RUA MOEMA                                         ,255,CHACARA DAS PEDRAS  ,91330500
43106803,JOSE GOMES                                        ,400,TRISTEZA            ,91910280
43106811,RUA LEMURIA                                       ,10,IPANEMA             ,91760530
43106820,ESTR JOAO ANTONIO SILVEIRA                        ,5070,RESTINGA            ,91790400
43106838,RUA FURRIEL LUIZ ANTONIO DE VARGAS                ,135,MONTSERRAT          ,90470130
43106846,AV DO LAMI                                        ,1150,BELEM NOVO          ,91780120
43106854,RUA PEDRO DOS SANTOS SÁ                           ,50,SARANDI             ,91120150
43106862,RUA OLINDA                                        ,99,FLORESTA            ,90240570
43106870,AV DOS PESCADORES                                 ,690,ARQUIPELAGO         ,90090170
43106889,RUA CIDADE DE NATAL                               ,125,TRISTEZA            ,91900040
43106897,RUA SILVIO SILVEIRA SOARES                        ,2711,CAMAQUA             ,91910460
43106900,AV INDEPENDENCIA                                  ,1065,INDEPENDENCIA       ,90035077
43106919,RUA NOSSA SENHORA DE FATIMA                       ,195,RUBEM BERTA         ,91180003
43106927,ESTR JOAO DE OLIVEIRA REMIAO                      ,6505,LOMBA DO PINHEIRO   ,91560000
43106935,RUA ADAO PINHEIRO DA SILVA                        ,490,ABERTA DOS MORROS   ,91751030
43106943,AV TAQUARI                                        ,395,CRISTAL             ,90810180
43106951,ESTR EDGAR PIRES DE CASTRO                        ,5580,BELEM NOVO          ,91787000
43106960,RUA THOME ANTONIO DE SOUZA                        ,0,CAMPO NOVO          ,91750170
43106978,RUA VALENTIM VICENTINI                            ,255,IAPI                ,90520220
43106986,ESTR CHAPEU DO SOL                                ,1680,BELEM NOVO          ,91787030
43106994,AV JOSE CORREA DA SILVA                           ,380,JARDIM DAS PALMEIRAS,91740380
43107001,RUA GREGORIO DA FONSECA                           ,91,NONOAI              ,90830260
43107010,ESTR MARTINHO POETA                               ,2125,ARQUIPELAGO         ,90090120
43107028,RUA AMERICO VESPUCIO                              ,615,HIGIENOPOLIS        ,90550031
43107036,"RUA, JOAO DALLEGRAVE                              ",130,MORRO SANTANA       ,91260170
43107044,TRAV IRMAO PEDRO                                  ,0,TERESOPOLIS         ,91720360
43107052,ESTRADA OTAVIANO JOSE PINTO                       ,50,LAMI                ,91787660
43107060,RUA BANCO INGLES                                  ,300,MORRO SANTA TEREZA  ,90840600
43107079,RUA HELIO PIMPAO                                  ,52,MORRO SANTANA       ,91450330
43107087,RUA MONTE ALEGRE                                  ,119,JARDIM FLORESTA     ,91040120
43107095,RUA GUARACAPÁ                                     ,33,SANTA MARIA GORETTI ,91030150
43107109,AV POLAR                                          ,0,JARDIM FLORESTA     ,91040550
43107117,AV. NAÇOES                                        ,0,PETROPOLIS          ,90690400
43107125,RUA EUGENIO DU PASQUIER                           ,280,CRISTO REDENTOR     ,91040350
43107133,EST VILA MARIA                                    ,415,CAVALHADA           ,91920370
43107141,RUA JACUNDA                                       ,365,GUARUJA             ,91770430
43107150,RUA CORONEL CLAUDINO                              ,254,CRISTAL             ,91910670
43107168,RUA LIMA E SILVA                                  ,400,CIDADE BAIXA        ,90050100
43107176,RUA CABRAL                                        ,621,RIO BRANCO          ,90420121
43107184,AV CAVALHADA                                      ,2433,CAVALHADA           ,91740001
43107192,RUA VISCONDE DO HERVAL                            ,970,MENINO DEUS         ,90130150
43107206,RUA SILVEIRO                                      ,1640,MORRO STA TEREZA    ,90850000
43107214,AV BERNARDINO OLIVEIRA PAIM                       ,665,RUBEM BERTA         ,91160300
43107222,EST SAO CAETANO                                   ,1600,BELEM NOVO_LAMI     ,91785220
43107230,ESTR QUIRINAS LOMBA DO PINHEIRO                   ,0,LOMBA DO PINHEIRO   ,91500000
43107257,RUA A -  CHÁCARA DOS BOMBEIROS                    ,3,PARTENON            ,91520160
43107265,PARQ MOINHOS DE VENTO                             ,200,MOINHOS DE VENTO    ,90440010
43107273,AV NITEROI ESQUINA TRAV VIAMAO                    ,0,MEDIANEIRA          ,90880270
43107281,DONA LUIZA ROCCO                                  ,0,GLORIA              ,90870050
43107290,RUA THOMAZ FRANCISCO DE JESUS                     ,0,JARDIM CARVALHO     ,91430040
43107303,RUA MARCOS  KRUCHIN                               ,291,NAVEGANTES          ,90245250
43107311,RUA FRANCISCO RODOLFO SMICH                       ,617,JARDIM BARAO DO CAHY,91130210
43107320,AV BELIZE                                         ,261,RESTINGA VELHA      ,91790080
43107338,RUA DELFINO RIET                                  ,525,SANTO ANTONIO       ,90660120
43107346,RUA ARTUR ROCHA                                   ,200,MONTSERRAT          ,90450170
43107354,PRACA ARATIBA                                     ,0,CAVALHADA           ,91740170
43107362,RUA DOM BOSCO                                     ,103,GLORIA              ,90680580
43107370,RUA DR EDUARDO CHARTIER                           ,360,HIGIENOPOLIS        ,90520100
43107389,RUA FELIPE DE OLIVEIRA                            ,448,PETRÓPOLIS          ,90630000
43107397,AV BENNO MENTZ                                    ,1560,IPIRANGA            ,91370020
43107400,RUA CONEGO MARCELINO                              ,107,CIDADE BAIXA        ,90050280
43107419,RUA DR MARIO TOTTA                                ,1252,TRISTEZA            ,91920130
43107427,PRACA MENINO DEUS                                 ,77,MENINO DEUS         ,90850180
43107435,RUA MARCILIO DIAS                                 ,1201,AZENHA              ,90130001
43107443,RUA DA REPUBLICA                                  ,801,CIDADE BAIXA        ,90050321
43107451,AV PARA                                           ,833,SAO GERALDO         ,90240591
43107460,AV TERESOPOLIS                                    ,2805,TERESOPOLIS         ,90870001
43107478,RUA DOMINGOS DE ABREU                             ,967,SARANDI             ,91120090
43107486,AV PRINCESA ISABEL                                ,1160,SANTANA             ,90620000
43107494,RUA AMERICO VESPUCIO                              ,483,HIGIENOPOLIS        ,90550031
43107524,RUA DR LAURO DE OLIVEIRA                          ,71,RIO BRANCO          ,90420210
43107559,AV CAVALHADA                                      ,3999,CAVALHADA           ,91740001
43107567,AV ALCIDES SÃO SEVERIANO                          ,100,SARANDI             ,91130500
43107575,RUA SEPE TIARAJU                                  ,1013,ALTO-TERESOPOLIS    ,90840360
43107583,AV OSVALDO ARANHA                                 ,527,FARROUPILHA         ,90035190
43107591,AV FORTE                                          ,77,CRISTO REDENTOR     ,91360000
43107605,AV ALCIDES SEVERIANO                              ,99,SARANDI             ,91130500
43107613,RUA TUPI                                          ,212,PASSO DAREIA        ,91030520
43107621,RUA CABRAL                                        ,571,RIO BRANCO          ,90420121
43107648,RUA INTENDENTE AZEVEDO                            ,464,GLORIA              ,91700110
43107656,RUA CLEMENCIANO BARNASQUE                         ,200,TERESOPOLIS         ,91720260
43107753,RUA DELMAR ROCHA BARBOSA                          ,483,RUBEM BERTA         ,91330000
43107761,PRAÇA GARIBALDI                                   ,40,CIDADE BAIXA        ,90050020
43107800,AV  VALADO                                        ,363,PARTENON            ,91510740
43107818,RUA CARIRI                                        ,407,ASSUNÇÃO            ,91900560
43107826,RUA PADRE LEOPOLDO BRENTANO                       ,1451,VILA FARRAPOS       ,90250590
43107850,AV PADRE CACIQUE                                  ,1372,SANTA TEREZA        ,90810240
43107877,AV BALTAZAR OLIVEIRA GARCIA                       ,4879,RUBEM BERTA         ,91180001
43107885,PRACA COMENDADOR SOUZA GOMES                      ,0,TRISTEZA            ,91900190
43107923,RUA CEL APARICIO BORGES                           ,2160,PARTENON            ,90680570
43107931,AV BAHIA                                          ,948,SAO GERALDO         ,90240552
43107940,RUA SOUZA REIS                                    ,132,SAO JOAO            ,90240650
43107966,RUA EROTILDE MACHADO SANTANA                      ,0,AGRONOMIA           ,91540050
43107974,RUA VITOR SILVA                                   ,186,CAMAQUA             ,91910170
43107982,RUA ENG OSCAR DE OLIVEIRA RAMOS                   ,660, RESTINGA NOVA      ,91790050
43107990,AV BOGOTA                                         ,789,JARDIM LINDOIA      ,91060000
43108008,"AV, JOAO PESSOA                                   ",2125,AZENHA              ,90040001
43108016,RUA COMENDADOR CORUJA                             ,315,FLORESTA            ,90220180
43108024,RUA EUDORO BERLINCK                               ,632,AUXILIADORA         ,90450030
43108032,RUA BADEN POWELL                                  ,409,SARANDI             ,91110040
43108040,AV PROTASIO ALVES                                 ,999,SANTA CECILIA       ,90410000
43108059,RUA CAETE                                         ,328,ASSUNÇÃO            ,91900180
43108067,AV SILVADO                                        ,555,PARTENON            ,91510100
43108083,AV OSVALDO GONCALVES CRUZ                         ,444,IPANEMA             ,91760060
43108091,RUA EUSTAQUIO INACIO DA SILVEIRA                  ,300,BELEM NOVO          ,91780100
43108105,AV CEL APARICIO BORGES                            ,2001,PARTENON            ,90680570
43108113,AV MONTENEGRO                                     ,269,PETROPOLIS          ,90460160
43108130,RUA WASHINGTON LUIZ                               ,1050,CENTRO              ,90010460
43108148,R JOSE DE ALENCAR                                 ,745,MENINO DEUS         ,90880481
43108156,RUA SANTA CATARINA                                ,105,MARIA GORETT        ,91030330
43108164,PRACA DOM SEBASTIAO                               ,2,MOINHOS DE VENTO    ,90035080
43108172,RUA DA REPUBLICA                                  ,635,CIDADE BAIXA        ,90050321
43108180,AV SATURNINO DE BRITO                             ,1400,VILA JARDIM         ,91320001
43108202,RUA WALDOMIRO SCHAPKE                             ,11,PARTENON            ,91530390
43108210,JUNTO A VILA DIVINEIA                             ,0,BOM JESUS           ,91500000
43108229,RUA FABIO ARAUJO SANTOS                           ,0,NONOAI              ,91720390
43108237,RUA RUA GAL AUTO                                  ,68,CENTRO              ,90010380
43108245,RUA DONA TEODORA                                  ,1156,HUMAITA             ,90240300
43108253,RUA MIGUEL TOSTES                                 ,201,INDEPENDENCIA       ,90420061
43108296,TRAV ANGUSTURA                                    ,66,MOINHOS DE VENTO    ,90440030
43108300,RUA ARI TARRAGO                                   ,1745,JARDIM ITU SABARA   ,91225001
43108318,RUA SARGENTO SILVIO D HOLLEMBACH                  ,69,JARDIM LEOPOLDINA   ,91240120
43108326,AV SILVESTRE FELIX RODRIGUES                      ,0,RUBEM BERTA         ,91150020
43108334,RUA ACESSO TOYAMA                                 ,0,ITU COINMA          ,91215290
43108342,RUA VICENTE CELESTINO                             ,120,RUBEM BERTA         ,91180130
43108350,RUA PETRONIO PORTELA  P SANTA FE                  ,1100,RUBEM BERTA         ,91180520
43108377,RUA TARCILA MORAES DUTRA                          ,799,PARQUE DOS MAYAS    ,91170170
43108385,RUA 6 BECO DOS NUNES                              ,0,VILA PETROPOLIS     ,91310020
43108393,RUA JAIME VIGNOLI                                 ,320,ANCHIETA            ,90200110
43108415,RUA QUINTINO BOCAIUVA                             ,540,MOINHOS DE VENTO    ,90440050
43108423,RUA MARECHAL ANDREA                               ,345,BOA VISTA           ,91340400
43108466,RUA URUGUAIANA                                    ,185,MENINO DEUS         ,90110330
43108474,RUA MARUJAIBA                                     ,8,RUBEM BERTA         ,91170340
43108482,RUA AFONSO RODRIGUES                              ,100,JARDIM BOTANICO     ,90690170
43108490,PROFESSOR JORGE FURTADO                           ,47,RUBEM BERTA         ,91160680
43108539,RUA CATAMARCA                                     ,93,JARDIM LINDOIA      ,91050170
43108547,RUA LIDIA MOSCHETTI                               ,200,JARDIM LEOPOLDINA   ,91240100
43108580,RUA FELIPE NERI                                   ,78,AUXILIADORA         ,90440150
43108610,AV IJUI                                           ,641,PETROPOLIS          ,90460200
43108628,RUA MARCIO LUIS VERAS VIDOR                       ,10,PRAIA DE BELAS      ,90110160
43108687,RUA DONA LAURA                                    ,319,RIO BRANCO          ,90430091
43108709,RUA INHANDUI                                      ,432,CRISTAL             ,90820170
43108717,AV CAVALHADA                                      ,4357,CAVALHADA           ,91470001
43108725,RUA BECO DO DAVID                                 ,261,AGRONOMIA           ,91550160
43108733,RUA JOSE HONORATO SANTOS                          ,101,AZENHA              ,90050040
43108741,RUA MARIANO DE MATOS                              ,300,MEDIANEIRA          ,90880250
43108750,RUA GUILHERME ALVES                               ,1900,PARTENON            ,90680000
43108768,RUA BOTAFOGO                                      ,396,MENINO DEUS         ,90150050
43108776,AV BENTO GONCALVES                                ,7500,AGRONOMIA           ,90540000
43108784,RUA CRUZEIRO DO SUL                               ,2702,CRISTAL             ,90840000
43108792,RUA MAGNOLIA                                      ,120,LOMBA DO PINHEIRO   ,91560180
43108806,AV. VEREADOR ROBERTO LANDELL DE MOURA             ,364,ABERTA DOS MORROS   ,91750751
43108822,RUA DONA AUGUSTA                                  ,60,MENINO DEUS         ,90850130
43108830,RUA SAO JOSE DO NORTE                             ,0,BELEM VELHO         ,91712160
43108849,RUA DOLORES DURAN QUADRA B                        ,300,AGRONOMIA           ,91540220
43108873,RUA BATISTA XAVIER                                ,600,PARTENON            ,90680120
43108881,AV SILVADO                                        ,456,PARTENON            ,91510100
43108903,AV NITEROI                                        ,472,MEDIANEIRA          ,90880270
43108911,RUA EUGENIO RODRIGUES                             ,4919,RESTINGA NOVA       ,91790060
43108938,RUA SALDANHA MARINHO                              ,166,MENINO DEUS         ,90160240
43108946,AV PRAIA DE BELAS                                 ,1948,MENINO DEUS         ,90110000
43108954,RUA 1 DE SETEMBRO                                 ,480,PARTENON            ,91520540
43108962,AV BENTO GONCALVES                                ,1731,PARTENON            ,90620002
43108970,RUA PADRE CALDAS                                  ,59,PARTENON            ,90620280
43109047,RUA AFONSO PENA                                   ,115,AZENHA              ,90160020
43109110,AV CAPIVARI                                       ,2020,CRISTAL             ,90810070
43109136,RUA JOAO PAETZEL                                  ,440,TRES FIGUEIRAS      ,91330280
43109152,RUA VIDAL DE NEGREIROS                            ,423,PARTENON            ,91520480
43109160,RUA FRANCISCO FERRER                              ,170,RIO BRANCO          ,90420140
43109179,RUA DR CAIO BRANDAO DE MELLO                      ,300,PARQUE HUMAITA      ,90250110
43109187,RUA TEN ARY TARRAGO                               ,3345,JARDIM PLANALTO     ,91225002
43109241,RUA ARROIO DOS PADRES                             ,250,GLORIA              ,91712390
43109250,RUA FERNANDO PESSOA                               ,380,JARDIM VILA NOVA    ,91750340
43109268,RUA  JOSE BENTO CORREA                            ,100,MORRO SANTANA       ,91450030
43109276,AV CRISTOVAO COLOMBO                              ,3437,HIGIENÓPOLIS        ,90560005
43109284,RUA AUGUSTO COMTE                                 ,95,CAVALHADA           ,91910370
43109314,RUA SÃO MANOEL                                    ,525,SANTA  CECÍLIA      ,90620110
43109330,RUA 14 DE JULHO                                   ,687,BOA VISTA           ,91340430
43109349,RUA ANDARAI                                       ,266,PASSO DAREIA        ,91350110
43109357,RUA DR. MALHEIROS                                 ,60,SANTO ANTONIO       ,90640050
43109365,RUA ENG. EWBANK CAMARA                            ,77,BELA VISTA          ,90440130
43109373,RUA CORONEL PAULINO TEIXEIRA                      ,394,RIO BRANCO          ,90420160
43169244,RUA CORONEL ANDRE BELO                            ,705,MENINO DEUS         ,90110020
43169252,RUA CORONEL BORDINI                               ,190,AUXILIADORA         ,90440000
43169279,AV ROCCIO                                         ,1100,PARTENON            ,91510090
43169414,RUA MARIO DE ARTAGAO                              ,675,PARTENON            ,90680090
43169481,AV ASSIS BRASIL                                   ,53,SAO JOAO            ,91010004
43171290,RUA FERNANDO CAMARANO                             ,220,RUBEM BERTA         ,91250460
43171788,RUA MARCO POLO                                    ,375,CRISTO REDENTOR     ,91350280
43172393,AV. MACEDONIA                                     ,186,RESTINGA NOVA       ,91790040
43172415,RUA BARAO DE SANTO ANGELO                         ,178,MOINHOS DE VENTO    ,90570090
43172423,RUA CABRAL                                        ,555,RIO BRANCO          ,90420121
43172440,AV. ICARAI                                        ,1879,CRISTAL             ,90810000
43172458,AV. JUCA BATISTA                                  ,4028,HIPICA              ,91775000
43173195,AV ERICO VERISSIMO                                ,1255,MENINO DEUS         ,90160181
43173250,RUA DEA COUFAL                                    ,1000,IPANEMA             ,91760020
43173306,RUA REZENDE COSTA                                 ,805,SARANDI             ,91120280
43173314,RUA ATILIO SUPERTI                                ,571,VILA NOVA           ,91750200
43173330,TRAV. PEDRA REDONDA                               ,400,IPANEMA             ,91760630
43173349,RUA CORREIA LIMA                                  ,1554,SANTA TEREZA        ,90850250
43174329,RUA VALENTIN VICENTINI                            ,225,IAPI                ,90520220
43174337,RUA ZECA NETTO                                    ,149,CRISTO REDENTOR     ,91370100
43174345,RUA JOAO NEVES DA FONTOURA                        ,0,AZENHA              ,90050030
43174590,RUA DR. MARIO TOTTA                               ,2396,CAMAQUA             ,91920130
43175449,RUA OCIDENTE                                      ,130,JARDIM CASCATA      ,91710390
43175457,CAPITÃO PEDRO WERLANG                             ,1011,INTERCAP            ,91530110
43175490,RUA ANDRADAS                                      ,1180,CENTRO              ,90020007
43175503,AV. ASSIS BRASIL                                  ,53,SAO JOAO            ,91010004
43175511,RUA ALBERTO BINS                                  ,487,CENTRO              ,90030040
43175538,RUA RIACHUELO                                     ,1626,CENTRO              ,90010271
43175546,RUA DUQUE DE CAXIAS                               ,1443,CENTRO              ,90010283
43175554,AV. IPIRANGA                                      ,6311,PARTENON            ,90610001
43175562,AV. POLONIA                                       ,625,SAO GERALDO         ,90230110
43175570,RUA TIRADENTES                                    ,375,FLORESTA            ,90560030
43175589,RUA SAO LUIZ                                      ,132,SANTANA             ,90620170
43175597,RUA VIGARIO JOSE INACIO                           ,153,CENTRO              ,90020100
43176500,AV. SERTORIO                                      ,473,NAVEGANTES          ,91020001
43176666,RUA CORONEL GENUÍNO                               ,130,CIDADE BAIXA        ,90010350
43178294,RUA MAL. FLORIANO PEIXOTO                         ,185,CENTRO              ,90020061
43178316,RUA DR FLORES                                     ,396,CENTRO              ,90020121
43178332,RUA SARMENTO LEITE                                ,975,CIDADE BAIXA        ,90050170
43178634,CARLOS S. MARTINS PACHECO                         ,10,CRISTO REDENTOR     ,91350200
43178740,AV CORONEL MARCOS                                 ,1959,IPANEMA             ,91760000
43179037,RUA TEN.CEL. MARIO DOERNTE                        ,200,IPANEMA             ,91760700
43179045,RUA PAULINO CHAVES                                ,235,SANTO ANTONIO       ,90640200
43179053,RUA DONA SEBASTIANA                               ,107,SAO JOAO            ,91020010
43179070,RUA BRIGADEIRO OLIVEIRA NERI                      ,100,PASSO D AREIA       ,90520260
43179622,RUA JONATHAS BORGES FORTES                        ,339,GLORIA              ,91710020
43179886,RUA CATARINO ANDREATA                             ,130,VILA NOVA           ,91750040
43180523,RUA MORRETES                                      ,222,SANTA MARIA GORETTI ,91030300
43180728,RUA JACUI                                         ,0,VILA CRUZEIRO DO SUL,90810150
43181120,AV. LUIS MOSQUETI                                 ,445,PARTENON            ,91510590
43181139,AV. DELMAR ROCHA BARBOSA                          ,234,SANTA FE            ,91180490
43181147,AV NILO WULFF                                     ,939,RESTINGA NOVA       ,91790000
43181155,AV. FLORIANOPOLIS                                 ,359,AZENHA              ,90880460
43182224,RUA SÃO MATEUS                                    ,1950,BOM JESUS           ,91410030
43182232,AV. GETULIO VARGAS                                ,1135,MENINO DEUS         ,90150005
43182259,RUA AUGUSTO SEVERO                                ,797,SÃO JOÃO            ,90240040
43182275,RUA TAPAJOS                                       ,39,JARDIM SAO PEDRO    ,91040410
43182860,RUA RIACHUELO                                     ,1218,CENTRO              ,90010273
43184855,RUA PROFESSOR CRISTIANO FISCHER                   ,172,PETROPOLIS          ,91410000
43184995,RUA ALBERTO TORRES                                ,194,CIDADE BAIXA        ,90000000
43185002,RUA WALDOMIRO SCHAPKE                             ,125,PARTENON            ,91530390
43185037,POLÔNIA                                           ,625,SÂO GERALDO         ,90230110
43185061,RUA IRMA AMBROSIO                                 ,177,JARDIM CARVALHO     ,91440070
43185126,RUA DA GRUTA                                      ,73,CASCATA             ,91717160
43185231,RUA SANTANA                                       ,1225,SANTANA             ,90040373
43185290,AVENIDA SERTORIO                                  ,305,NAVEGANTES          ,91020001
43185380,RUA AUGUSTO PORTO ALEGRE                          ,156,SARANDI             ,91110250
43185401,AV BENTO GONCALVES                                ,642,SANTANA             ,90650000
43185622,AV VENANCIO AIRES                                 ,1030,SANTANA             ,90040192
43186700,AV ALBERTO BINS                                   ,376,CENTRO              ,90030140
43187358,RUA OSMINDO JULIO KUHN                            ,220,RUBEM BERTA         ,91180730
43187390,RUA DR. PRUDENTE DE MORAES                        ,431,CHACARA DAS PEDRAS  ,91330170
43187412,RUA COSTA RI                                      ,248,JARDIM LINDÓIA      ,91050210
43187420,AV. BENTO GONCALVES                               ,2167,PARTENON            ,90650003
43187455,AV PROTASIO ALVES                                 ,5315,ALTO PETRÓPOLIS     ,91310002
43187510,AVENIDA LA PAZ                                    ,80,JARDIM LINDOIA      ,91050040
43187528,AV. ELIAS CIRNE LIMA                              ,439,PARTENON            ,91530310
43187536,RUA ECA DE QUEIROZ                                ,876,PETROPOLIS          ,90670020
43187544,RUA ENG AFONSO CAVALCANTI                         ,51,BELA VISTA          ,90440110
43187552,AV. BENTO GONCALVES                               ,4559,PARTENON            ,90650003
43187579,RUA ARTHUR FABIAO CARNEIRO                        ,10,PASSO DAREIA        ,91340030
43187587,AV MAE APOLINARIA MATHIAS BATISTA                 ,259,MORRO SANTANA       ,91450000
43187595,AVENIDA AMÉRICA                                   ,148,AUXILIADORA         ,90440000
43187633,PCA LIBANEZA                                      ,40,JARDIM LINDOIA      ,91050050
43187641,RUA BORGES DO CANTO 2                             ,216,PETROPOLIS          ,90630020
43187650,RUA GARIBALDI                                     ,1300,BOM FIM             ,90035052
43187668,RUA ACESSO C                                      ,3181,RESTINGA NOVA       ,91700000
43187676,AV JOSE BONIFACIO                                 ,719,BOM FIM             ,90040130
43187684,RUA LUIZ AFONSO                                   ,565,CIDADE BAIXA        ,90050310
43187722,RUA BANANAL                                       ,30,ARQUIPÉLAGO         ,90090010
43187730,RUA SERAFIM ALENCASTRO                            ,30,SARANDI             ,91110200
43187757,AV. GOMES CARNEIRO                                ,287,MEDIANEIRA          ,90870310
43187773,RUA BUARQUE DE MACEDO                             ,637,SAO GERALDO         ,90230250
43187790,XAVIER DA CUNHA                                   ,491,CAVALHADA           ,90620000
43187870,RUA MARCIANO RIBEIRO                              ,83,MEDIANEIRA          ,90870360
43187897,RUA FERNANDO MACHADO                              ,546,CENTRO              ,90010320
43187900,PRAÇA LIBANEZA                                    ,113,JARDIM LINDOIA      ,91050050
43187919,RUA DR PEREIRA NETO                               ,1077,TRISTEZA            ,91920530
43187927,TRAV JAGUARAO                                     ,107,SAO JOAO            ,90520070
43187935,RUA CORONEL ANDRE BELO                            ,645,MENINO DEUS         ,90110020
43187951,RUA LIBERO BADARO                                 ,124,PASSO DAREIA        ,91340230
43187960,AV IGUACU                                         ,321,PETROPOLIS          ,90470430
43187978,RUA SAO LUCAS                                     ,139,BOM JESUS           ,91540420
43187986,RUA PEDRO PIERETTI                                ,111,JARDIM BOTANICO     ,90690250
43187994,RUA BARBEDO                                       ,436,MENINO DEUS         ,90110260
43188001,RUA LILA RIPOLL                                   ,177,SARANDI             ,91130080
43188010,RUA NOEL ROSA                                     ,133,ITU SABARÁ          ,91210110
43188028,RUA ARROIO GRANDE                                 ,253,CAVALHADA           ,91740180
43188044,AV. TOLEDO PIZZA                                  ,1107,SARANDI             ,91120300
43188052,RUA JUCA BATISTA                                  ,3373,IPANEMA             ,91770000
43188060,AV DR CAMPOS VELHO                                ,1400,CRISTAL             ,90820000
43188087,RUA PEREIRA NETO                                  ,440,TRISTEZA            ,91920530
43188109,TRAVESSA AZEVEDO                                  ,199,FLORESTA            ,90220200
43188290,RUA DA REPUBLICA                                  ,384,CIDADE BAIXA        ,90050320
43188338,RUA MARQUES DO HERVAL                             ,160,MOINHOS DE VENTO    ,91570140
43188346,RUA VALENTIM VICENTINI                            ,334,PASSO DA AREIA      ,90520220
43188362,RUA        DR. BARBOSA GONCALVES                  ,451,CHACARA DAS PEDRAS  ,91330320
43188370,AV BASTIAN                                        ,126,MENINO DEUS         ,90130020
43188389,RUA REPUBLICA                                     ,398,CIDADE BAIXA        ,90050321
43188397,RUA FOLHA DA TARDE                                ,149,CRISTAL             ,91910710
43188419,AVENIDA D. PEDRO II                               ,616,SAO JOAO            ,90550143
43188427,RUA HONORIO SILVEIRA DIAS                         ,821,SAO JOAO            ,90550150
43188443,RUA SOFIA VELOSO                                  ,179,CIDADE BAIXA        ,90050140
43188451,RUA DR. PEREIRA NETO                              ,2011,CAVALHADA           ,91920530
43188508,BARÃO DO ITAQUI                                   ,33,PASSO DAREIA        ,91040300
43188524,RUA SYLVIO SANSON                                 ,517,SARANDI             ,91130330
43188532,TRAVESSA  COLONIA                                 ,150,JARDIM LINDOIA      ,91050200
43188567,RUA HERMETO BERMUDEZ                              ,475,RUBEM BERTA         ,91250040
43188575,RUA ENFERMEIRO VENTURA                            ,200,VILA NOVA           ,91750320
43188591,RUA EUSTAQUIO INÁCIO DA SILVEIRA                  ,65,BELEM NOVO          ,91780110
43188605,RUA JENNY SEABRA DE SOUZA                         ,30,RUBEM BERTA         ,91170120
43188613,RUA ACESSO A                                      ,2541,NOVA RESTINGA       ,91700190
43188648,RUA BADEN POWER                                   ,168,SARANDI             ,91110040
43188702,RUA TAPAJOS                                       ,149,JARDIM SAO PEDRO    ,91040410
43188710,RUA WASHINGTON LUIZ                               ,548,CENTRO              ,90010460
43188729,AV TERESOPOLIS                                    ,3611,TERESOPOLIS         ,90870001
43188974,AV ALBERTO BINS                                   ,986,CENTRO              ,90030141
43188990,AV CAVALHADA                                      ,1977,CAVALHADA           ,91740001
43189482,RUA NUNES                                         ,301,MEDIANEIRA          ,90870390
43190057,RUA DUQUE DE CAXIAS                               ,1517,CENTRO              ,90010281
43190073,RUA DR. RAUL MOREIRA                              ,26,CRISTAL             ,90820160
43190090,RUA VICENTE DA FONTOURA                           ,885,SANTANA             ,90640001
43190111,AV. EDUARDO PRADO                                 ,329,CAVALHADA           ,91751000
43190138,RUA TENENTE ALPOIN                                ,626,PARTENON            ,91510710
43190162,RUA DA REPÚBLICA                                  ,378,CIDADE BAIXA        ,90050320
43190197,RUA DR ARMANDO BARBEDO                            ,491,TRISTEZA            ,91920520
43190200,AV. CAVALHADA                                     ,0,CAVALHADA           ,91740001
43190235,CHICO PEDRO                                       ,308,CRISTAL             ,91910530
43190243,RUA MARQUES DO HERVAL                             ,66,MOINHOS DE VENTO    ,90570140
43190251,RUA BARÃO DE CERRO LARGO                          ,93,MENINO DEUS         ,90850110
43190260,RUA FELIPE DE OLIVEIRA                            ,836,PETRÓPOLIS          ,90630000
43190278,RUA PAULO BLASCKE                                 ,270,JARDIM PLANALTO     ,91225230
43190286,RUA LEDO GUIMARÃES MARIANTE                       ,235,RUBEM BERTA         ,91250190
43190332,AV. CAVALHADA                                     ,5210,CAVALHADA           ,91751831
43190340,TRAVESSA DESEMBARGADOR VIEIRA PIRES               ,15,RIO BRANCO          ,90540001
43190413,RUA CEL FERNANDO MACHADO                          ,111,CENTRO              ,90010321
43190421,RUA BARÃO DO AMAZONAS                             ,427,PETROPOLIS          ,90670005
43190448,MARIANTE                                          ,356,MOINHOS DE VENTO    ,90430180
43190472,MARECHAL FROTA                                    ,64,CRISTO REDENTOR     ,91350030
43190510,AV. BASTIAN                                       ,457,MENINO DEUS         ,90130021
43190596,RUA EÇA DE QUEIROZ                                ,129,PETROPOLIS          ,90630090
43190693,AV. RODRIGUES DA FONSECA                          ,1820,VILA NOVA           ,91750060
43190731,RUA DUQUE DE CAXIAS                               ,518,CENTRO              ,90010280
43190766,RUA JENOR CARDOSO JARROS                          ,235,JARDIM SABARÁ       ,91215200
43190820,RUA PEDRO BOTICARIO                               ,356,GLÓRIA              ,90660070
43190839,RUA VALADO                                        ,401,PARTENON            ,91510740
43190847,RUA JOÃOSIMPLICIO ALVES DE CARVALHO               ,56,VILA IPIRANGA       ,91360170
43190863,AV. CIRCULAR                                      ,699,VILA JARDIM         ,91320181
43190871,AV. BORGES DE MEDEIROS                            ,1501,CIDADE BAIXA        ,90110150
43190880,RUA GOMES JARDIM                                  ,506,SANTANA             ,90620130
43190898,RUA MACHADO DE ASSIS                              ,1015,JARDIM BOTÂNICO     ,90620260
43191100,CORONEL LUCAS DE OLIVEIRA                         ,2609,PETRÓPOLIS          ,90460001
43191134,AV. BORGES DE MEDEIROS                            ,1555,CENTRO              ,90110150
43191150,RUA CAMÉLIAS                                      ,389,BOM JESUS           ,91420370
43191185,RUA XAVIER FERREIRA                               ,85,AUXILIADORA         ,90540160
43191231,AV. PROTÁSIO ALVES                                ,8383,MORRO SANTANA       ,91310010
43191258,RUA RAMIRO BARCELOS                               ,910,FLORESTA            ,90035001
43191266,AV NONOAI                                         ,205,NONOAI              ,91720000
43191282,RUA CLEMENCIANO BARNASQUE                         ,460,TERESOPOLIS         ,91720260
43191304,RUA LUIZ DE CAMÕES                                ,172,SANTO ANTÔNIO       ,90620150
43191320,AV BRASIL                                         ,312,NAVEGANTES          ,90230040
43191339,AVENIDA BENTO GONÇALVES                           ,934,PARTENON            ,90650000
43191347,RUA NOSSA SENHORA DA GLÓRIA                       ,111,GLORIA              ,91710270
43191355,PAULINHO GONÇALVES BARCELOS                       ,307,SARANDI             ,91170400
43191363,RUA GENERAL CALDWELL                              ,688,MENINO DEUS         ,90130050
43191398,RUA LUIS AFONSO                                   ,295,CIDADE BAIXA        ,90050310
43191401,PRAÇA JAPÃO                                       ,203,BOA VISTA           ,91340380
43191410,RUA GOMES JARDIM                                  ,638,SANTANA             ,90040310
43191428,AV JUCA BATISTA                                   ,460,IPANEMA             ,91000770
43191436,ALCIDES SÃO SEVERINO                              ,100,SARANDI             ,91130500
43191444,RUA BANANAL                                       ,30,ARQUIPÉLAGO         ,90090010
43191460,MARTINS DE LIMA                                   ,437,SÃO JOSÉ            ,91520010
43191479,RUA PROFESSOR ANDRE PUENTE                        ,357,INDEPENDÊNCIA       ,90035150
43191487,AV BALTAZAR DE OLIVEIRA GARCIA                    ,2403,RUBEM BERTA         ,91150050
43191495,AV PROTASIO ALVES                                 ,4699,PETROPOLIS          ,91310002
43191509,RUA NICOLAU COPERNICO                             ,15,SARANDI             ,91110170
43191525,RUA COMENDADOR RODOLFO GOMES                      ,703,MENINO DEUS         ,90150101
43191541,AVENIDA BASTIAN                                   ,467,MENINO DEUS         ,90130021
43191568,RUA DOUTOR BARROS CASSAL                          ,657,BOM FIM             ,90035030
43191576,RUA ALMIRANTE BARROSO                             ,511,FLORESTA            ,90220021
43191606,RUA UMBU                                          ,219,PASSO DAREIA        ,91350100
43191622,RUA TARCILA MORAIS DUTRA                          ,360,RUBEM BERTA         ,91170170
43191630,AV SALVADOR LEAO                                  ,991,SARANDI             ,91130700
43191649,RUA ADAO BAINO                                    ,542,CRISTO REDENTOR     ,91350240
43191681,RUA CASTRO ALVES                                  ,287,RIO BRANCO          ,90430131
43191690,R. LAGOINHA                                       ,155,PETROPOLIS          ,90690360
43191703,RUA MARECHAL MALLET                               ,44,PARTENON            ,91520600
43191720,RUA ARABUTÃ                                       ,179,NAVEGANTES          ,90240470
43191738,RUA VICENTE DA FONTOURA                           ,1068,SANTANA             ,90640000
43191746,RUA FERNANDO GOMES                                ,156,MOINHOS DE VENTO    ,90510010
43191754,RUA ALTAMIRA                                      ,150,PROTÁSIO ALVES      ,91450020
43191762,R. BANDEN POWELL                                  ,584,SARANDI             ,91110040
43191800,TE. ARY TARRAGO                                   ,1825,JD. ITÚ             ,91225001
43191819,PROFESSOR LANGENDONCK                             ,75,PETRÓPOLIS          ,90630060
43191835,AVENIDA IPIRANGA                                  ,585,MENINO DEUS         ,90160092
43191843,EDMUNDO BASTIAN                                   ,206,CRISTO REDENTOR     ,91040050
43191886,R EUCLYDES MOURA                                  ,144,PARTENON            ,90680070
43191908,RUA CAETANO LA PORTA                              ,210,RUBEM BERTA         ,91170060
43191924,RUA CARLOS VON KOSERITZ                           ,251,HIGIENÓPOLIS        ,90540031
43191932,RUA GENERAL BARRETO VIANA                         ,681,CHÁCARA DAS PEDRAS  ,91330000
43191940,RUA GUILHERME KLIPPEL                             ,244,PASSO DAS PEDRAS    ,91350160
43191959,RUA LOBO DA COSTA                                 ,267,AZENHA              ,90050110
43191967,AV IPIRANGA                                       ,1145,AZENHA              ,90160093
43191975,RUA AÇORES                                        ,67,PASSO DAREIA        ,91030340
43191983,RUA NILO PEÇANHA                                  ,2400,BELA VISTA          ,91330001
43200907,GONÇALVES DIAS                                    ,1115,MENINO DEUS         ,90130061
43200923,RUA GARIBALDI                                     ,1025,INDEPENDENCIA       ,90035051
43200931,MARILAND                                          ,387,AUXILIADORA         ,90440191
43200958,RUA GENERAL JOÃO DE DEUS MARTINS                  ,172,PASSO D´AREIA       ,90520110
43200966,RUA FAGUNDES VARELA                               ,200,SANTO ANTÔNIO       ,90650010
43200974,AV. VICENTE MONTEGIA                              ,2837,VILA NOVA           ,91740290
43200982,AV PRESIDENTE VARGAS                              ,660,ARQUIPELAGO         ,90090000
43200990,RUA PELOTAS                                       ,444,FLORESTA            ,90220110
43201008,RUA TEN CEL FABRICIO PILLAR                       ,62,MONTSERRAT          ,90450040
43201016,R. MANOEL LEÃO                                    ,162,PEDRA REDONDA       ,91760560
43201024,AV. NILO PEÇANHA                                  ,1353,BELA VISTA          ,91330000
43201040,RUA INHANDUI                                      ,421,CRISTAL             ,91820170
43201075,AV. VINTE E UM DE ABRIL                           ,1228,SARANDI             ,91110570
43201105,AV. ASSIS BRASIL                                  ,131,SAO JOAO            ,91010004
43201113,RUA DR. VARGAS NETO                               ,580,PROTÁSIO ALVES      ,91250000
43201121,AV. TERESÓPOLIS                                   ,2732,TERESÓPOLIS         ,91700000
43201148,TRAVESSA AZEVEDO                                  ,199,FLORESTA            ,90220200
43201164,RUA MURA                                          ,436,GUARUJÁ             ,91770570
43201172,RUA LUIS CESAR LEAL                               ,240,RUBEM BERTA         ,91170140
43201199,TRAVESSA MIRANDA E CASTRO                         ,49,SANTANA             ,90040280
43201202,RUA DONA LEOPOLDINA                               ,288,SAO JOAO            ,90550130
43201245,RUA DR. DIAS DE CARVALHO                          ,278,TRISTEZA            ,91910270
43201300,RUA ABOLICAO                                      ,1239,RESTINGA VELHA      ,91790130
43201318,RUA CÂNCIO GOMES                                  ,567,FLORESTA            ,90220060
43201342,RUA RESENDE COSTA                                 ,360,SARANDI             ,91120280
43201407,MATIAS JOSÉ BINS                                  ,1454,CHÁCARA DAS PEDRAS  ,91330291
43201431,AV OTTO NIEMAYER                                  ,3293,CAVALHADA           ,91740180
43201466,RUA BARÃO DE UBÁ                                  ,805,BELA VISTA          ,90450150
43201474,RUA CAPITAO PEDROSO                               ,295,RESTINGA VELHA      ,90790790
43201490,RUA IGNES FAGUNDES                                ,418,RESTINGA NOVA       ,91790010
43201539,AV. IJUÍ                                          ,378,PETRÓPOLIS          ,90460200
43201555,AV COPACABANA                                     ,1171,TRISTEZA            ,91900050
43201571,AV. DR CARLOS BARBOSA                             ,847,MEDIANEIRA          ,90880001
43201610,RUA MAESTRO MENDANHA                              ,230,SANTANA             ,90001970
43201717,RUA DARIO BORBA BROSSARD                          ,56,SANTA FÉ            ,91180480
43201750,RUA AUXILIADORA                                   ,191,AUXILIADORA         ,90540120
43201776,RUA WASHINGTON LUÍS                               ,1050,CIDADE BAIXA        ,90010460
43203140,RUA SÃO VICENTE                                   ,483,SANTA CECÍLIA       ,90630180
43203159,RUA JOSÉ DO PATROCINIO                            ,920,CIDADE BAIXA        ,90050002
43203167,RUA COMENDADOR CASTRO                             ,473,IPANEMA             ,91760200
43203191,RUA CORONEL CORTE REAL                            ,111,PETRÓPOLIS          ,90630080
43203205,PRAÇA ALFREDO SHEBE                               ,92,VILA IPIRANGA       ,91360340
43203221,MAJOR MANOEL JOSÉ MONTEIRO                        ,345,RUBEM BERTA         ,91170570
43203230,RUA CLEVELAND                                     ,250,MENINO DEUS         ,90850240
43203655,RUA SGTº MANOEL ARRUDA                            ,46,JARDIM CARVALHO     ,91430220
43203817,AVENIDA DO FORTE                                  ,77,VILA IPIRANGA       ,91360000
43203825,RUA CORONEL CORTE REAL                            ,75,PETRÓPOLIS          ,90630080
43203833,AV JOÃO SIMPLÍCIO ALVES DE CARVALHO               ,600,JARDIM IPIRANGA     ,91360260
43203841,AV. JOAO PESSOA                                   ,1070,FARROUPILHA         ,90040000
43203850,RUA CABRAL                                        ,621,RIO BRANCO          ,90420120
43203868,PRAÇA OTAVIO ROCHA                                ,69,CENTRO              ,90020140
43203876,AV ASSIS BRASIL                                   ,4320,SÃO SEBASTIÃO       ,91110000
43203884,RUA ALCIDES CRUZ                                  ,422,SANTA CECILIA       ,90630160
43204627,AV IGNES FAGUNDES                                 ,541,RESTINGA            ,91790010
43204929,RUA VIGÁRIO JOSÉ INÁCIO                           ,730,CENTRO              ,90020110
43206247,RUA B                                             ,302,RUBEM BERTA         ,91160610
43206255,RUA LIBERAL                                       ,3187,CAVALHADA           ,91920682
43206263,RUA DR PEREIRA NETO                               ,84,TRISTEZA            ,91920530
43206271,RUA BERNARDO PIRES                                ,253,SANTANA             ,90620010
43206280,RUA AFONSO SAN MARTIM                             ,161,JARDIM DO SALSO     ,91410100
43206298,AV ANTONIO DE CARVALHO                            ,1451,JARDIM CARVALHO     ,91430001
43206301,RUA NEY MESSIAS                                   ,55,JARDIM DO SALSO     ,91410120
43206310,FONSECA RAMOS                                     ,97,MEDIANEIRA          ,90870300
43206328,RUA FOLHA DA TARDE                                ,39,CRISTAL             ,91910710
43206336,RUA ENGENHEIRO WALTER BOHEL                       ,80,VILA IPIRANGA       ,91360090
43206344,DUQUE DE CAXIAS                                   ,684,CENTRO              ,90010280
43206352,RUA LANDEL DE MOURA                               ,1389,TRISTEZA            ,91920150
43206360,SAICA                                             ,6,PETROPOLIS          ,90670110
43206379,AV PERNAMBUCO                                     ,2095,SAO GERALDO         ,90240003
43206387,AV CARLOS GOMES                                   ,467,BOA VISTA           ,90480003
43206450,RUA ANDRE PUENTE                                  ,274,INDEPENDENCIA       ,90035150
43206492,RUA TOROQUA                                       ,349,PASSO DAREIA        ,91030090
